{
  "hash": "dae356c4",
  "configHash": "38f2343b",
  "lockfileHash": "0e36bdfa",
  "browserHash": "30c7a38f",
  "optimized": {
    "@angular/common": {
      "src": "../../../../../node_modules/@angular/common/fesm2022/common.mjs",
      "file": "@angular_common.js",
      "fileHash": "780ae629",
      "needsInterop": false
    },
    "@angular/common/http": {
      "src": "../../../../../node_modules/@angular/common/fesm2022/http.mjs",
      "file": "@angular_common_http.js",
      "fileHash": "ed60f52a",
      "needsInterop": false
    },
    "@angular/core": {
      "src": "../../../../../node_modules/@angular/core/fesm2022/core.mjs",
      "file": "@angular_core.js",
      "fileHash": "eca10e24",
      "needsInterop": false
    },
    "@angular/forms": {
      "src": "../../../../../node_modules/@angular/forms/fesm2022/forms.mjs",
      "file": "@angular_forms.js",
      "fileHash": "c0b04512",
      "needsInterop": false
    },
    "@angular/platform-browser": {
      "src": "../../../../../node_modules/@angular/platform-browser/fesm2022/platform-browser.mjs",
      "file": "@angular_platform-browser.js",
      "fileHash": "ef302149",
      "needsInterop": false
    },
    "@angular/router": {
      "src": "../../../../../node_modules/@angular/router/fesm2022/router.mjs",
      "file": "@angular_router.js",
      "fileHash": "2c5d5abf",
      "needsInterop": false
    },
    "@ngrx/store": {
      "src": "../../../../../node_modules/@ngrx/store/fesm2022/ngrx-store.mjs",
      "file": "@ngrx_store.js",
      "fileHash": "087c5c0c",
      "needsInterop": false
    },
    "@ngrx/effects": {
      "src": "../../../../../node_modules/@ngrx/effects/fesm2022/ngrx-effects.mjs",
      "file": "@ngrx_effects.js",
      "fileHash": "2b2daca3",
      "needsInterop": false
    },
    "rxjs": {
      "src": "../../../../../node_modules/rxjs/dist/esm5/index.js",
      "file": "rxjs.js",
      "fileHash": "ee33fb2f",
      "needsInterop": false
    }
  },
  "chunks": {
    "chunk-C67LEXHU": {
      "file": "chunk-C67LEXHU.js"
    },
    "chunk-NDAWTX56": {
      "file": "chunk-NDAWTX56.js"
    },
    "chunk-6AM2523Y": {
      "file": "chunk-6AM2523Y.js"
    },
    "chunk-QAY2GJBE": {
      "file": "chunk-QAY2GJBE.js"
    },
    "chunk-4MZAX6BM": {
      "file": "chunk-4MZAX6BM.js"
    },
    "chunk-FRPRYHQD": {
      "file": "chunk-FRPRYHQD.js"
    }
  }
}